<?xml version="1.0" encoding="UTF-8"?>
<project-private xmlns="http://www.netbeans.org/ns/project-private/1">
    <editor-bookmarks xmlns="http://www.netbeans.org/ns/editor-bookmarks/2" lastBookmarkId="0"/>
    <open-files xmlns="http://www.netbeans.org/ns/projectui-open-files/2">
        <group>
            <file>file:/Users/apple/NetBeansProjects/Smvdu/src/smvdu/StuSrchRcd.java</file>
            <file>file:/Users/apple/NetBeansProjects/Smvdu/src/smvdu/Home.java</file>
            <file>file:/Users/apple/NetBeansProjects/Smvdu/src/smvdu/Login.java</file>
            <file>file:/Users/apple/NetBeansProjects/Smvdu/src/smvdu/FeeSlip.java</file>
            <file>file:/Users/apple/NetBeansProjects/Smvdu/src/smvdu/FundDisbursement.java</file>
            <file>file:/Users/apple/NetBeansProjects/Smvdu/src/smvdu/EmplDelRec.java</file>
            <file>file:/Users/apple/NetBeansProjects/Smvdu/src/smvdu/SalarySlip.java</file>
            <file>file:/Users/apple/NetBeansProjects/Smvdu/src/smvdu/FrgtPwd.java</file>
            <file>file:/Users/apple/NetBeansProjects/Smvdu/src/smvdu/StuUpdtRec.java</file>
            <file>file:/Users/apple/NetBeansProjects/Smvdu/src/smvdu/EmplUpdtRec.java</file>
            <file>file:/Users/apple/NetBeansProjects/Smvdu/src/smvdu/UsrChngPwd.java</file>
        </group>
    </open-files>
</project-private>
